{"cameraMode":{"drawMode":0,"name":"Shaded","section":"Shading Mode"},"sceneLighting":true,"audioPlay":false,"sceneViewState":{"showFog":false,"showMaterialUpdate":false,"showSkybox":false,"showFlares":false,"showImageEffects":false,"showParticleSystems":true},"in2DMode":false,"pivot":{"x":-0.6851840615272522,"y":0.9052612781524658,"z":1.3798609972000123},"rotation":{"x":0.0003303531266283244,"y":0.9947866201400757,"z":-0.10213331878185272,"w":0.003284505335614085},"size":0.27823406457901,"orthographic":false}