{"cameraMode":{"drawMode":0,"name":"Shaded","section":"Shading Mode"},"sceneLighting":true,"audioPlay":false,"sceneViewState":{"showFog":false,"showMaterialUpdate":false,"showSkybox":false,"showFlares":false,"showImageEffects":false,"showParticleSystems":true},"in2DMode":false,"pivot":{"x":-0.0001811683177947998,"y":0.7554689645767212,"z":0.010256171226501465},"rotation":{"x":-0.0009051766246557236,"y":0.9960113763809204,"z":-0.08868855237960816,"w":-0.010158779099583626},"size":2.9682953357696535,"orthographic":false}